{"cameraMode":{"drawMode":0,"name":"Shaded","section":"Shading Mode"},"sceneLighting":false,"audioPlay":false,"sceneViewState":{"showFog":true,"showMaterialUpdate":false,"showSkybox":false,"showFlares":true,"showImageEffects":true,"showParticleSystems":true},"in2DMode":false,"pivot":{"x":-1.3563365936279297,"y":80.62470245361328,"z":-5.767265319824219},"rotation":{"x":0.11795716732740402,"y":0.8723348379135132,"z":-0.39776307344436648,"w":0.2587038278579712},"size":85.53121185302735,"orthographic":false}