{"cameraMode":{"drawMode":0,"name":"Shaded","section":"Shading Mode"},"sceneLighting":true,"audioPlay":false,"sceneViewState":{"showFog":true,"showMaterialUpdate":false,"showSkybox":true,"showFlares":true,"showImageEffects":true,"showParticleSystems":true},"in2DMode":false,"pivot":{"x":0.6736574769020081,"y":5.305934906005859,"z":-9.289264678955079},"rotation":{"x":0.262401282787323,"y":-0.006930594798177481,"z":0.0018733625765889884,"w":0.9649865031242371},"size":7.175256252288818,"orthographic":false}