{"cameraMode":{"drawMode":0,"name":"Shaded","section":"Shading Mode"},"sceneLighting":false,"audioPlay":false,"sceneViewState":{"showFog":true,"showMaterialUpdate":false,"showSkybox":false,"showFlares":true,"showImageEffects":true,"showParticleSystems":true},"in2DMode":false,"pivot":{"x":1.25,"y":0.6600000858306885,"z":6.730000019073486},"rotation":{"x":0.1706586331129074,"y":-0.41389983892440798,"z":0.07931207865476608,"w":0.8906915187835693},"size":0.8660288453102112,"orthographic":false}